Model,Accuracy,Precision,Recall,F1-Score
Logistic Regression,0.8670878386587292,0.8746812518595648,0.8670878386587292,0.8668571909942818
Linear SVC,0.8647794921637711,0.8712196691398556,0.8647794921637711,0.8642695442107217
Naive Bayes,0.8496739966792208,0.8470804093853933,0.8496739966792208,0.8426910325575114
